Number,Model,Company,Price,Rating,No_of_ratings,TotalReviews,RamSize,RomSize,,15228.30579
0,"Infinix HOT 20 Play (Luna Blue, 64 GB)",Infinix,8199,4.3,505,52,4 GB,64 GB,,
1,"MOTOROLA e40 (Carbon Gray, 64 GB)",MOTOROLA,7999,4.1,"56,085","5,600",4 GB,64 GB,,
2,"MOTOROLA e40 (Pink Clay, 64 GB)",MOTOROLA,7999,4.1,"56,085","5,600",4 GB,64 GB,,
3,"POCO C31 (Shadow Gray, 64 GB)",POCO,7499,4.3,"1,83,688","11,185",4 GB,64 GB,,
4,"MOTOROLA G32 (Mineral Gray, 64 GB)",MOTOROLA,9999,4.2,"16,249","1,639",4 GB,64 GB,,
5,"REDMI 9i Sport (Carbon Black, 64 GB)",REDMI,7199,4.3,"2,09,377","12,027",4 GB,64 GB,,
6,"REDMI 9i Sport (Coral Green, 64 GB)",REDMI,7199,4.3,"2,09,377","12,027",4 GB,64 GB,,
7,"POCO M4 Pro 5G (Cool Blue, 64 GB)",POCO,11999,4.3,"33,258","2,972",4 GB,64 GB,,
8,"realme 9 5G (Stargaze White, 128 GB)",realme,16499,4.4,"44,415","2,930",6 GB,128 GB,,
9,"realme 9 5G (Supersonic Blue, 64 GB)",realme,14999,4.5,"36,109","2,083",4 GB,64 GB,,
10,"realme 9 5G (Meteor Black, 64 GB)",realme,14999,4.5,"36,109","2,083",4 GB,64 GB,,
11,"MOTOROLA G62 5G (Midnight Gray, 128 GB)",MOTOROLA,14999,4.1,"8,567",933,6 GB,128 GB,,
12,"POCO M4 Pro 5G (Cool Blue, 128 GB)",POCO,13999,4.2,"41,124","3,691",6 GB,128 GB,,
13,"MOTOROLA g52 (Metallic White, 128 GB)",MOTOROLA,12999,4.2,"20,882","2,628",6 GB,128 GB,,
14,"realme 9 5G (Meteor Black, 128 GB)",realme,16499,4.4,"44,415","2,930",6 GB,128 GB,,
15,"SAMSUNG Galaxy F23 5G (Aqua Blue, 128 GB)",SAMSUNG,13999,4.2,"32,083","2,613",4 GB,128 GB,,
16,"realme 9 5G (Supersonic Blue, 128 GB)",realme,16499,4.4,"44,415","2,930",6 GB,128 GB,,
17,"realme 9 5G (Stargaze White, 64 GB)",realme,14999,4.5,"36,109","2,083",4 GB,64 GB,,
18,"MOTOROLA g52 (Charcoal Grey, 128 GB)",MOTOROLA,12999,4.2,"20,882","2,628",6 GB,128 GB,,
19,"APPLE iPhone 14 (Starlight, 128 GB)",APPLE,73990,4.6,981,67,128 GB,Not Known,,
20,"SAMSUNG Galaxy F23 5G (Forest Green, 128 GB)",SAMSUNG,14999,4.3,"1,37,778","11,213",6 GB,128 GB,,
21,"APPLE iPhone 14 (Midnight, 128 GB)",APPLE,73990,4.6,981,67,128 GB,Not Known,,
22,"vivo T1 5G (Starlight Black, 128 GB)",vivo,16990,4.4,"1,57,801","12,539",6 GB,128 GB,,
23,"MOTOROLA G32 (Satin Silver, 64 GB)",MOTOROLA,9999,4.2,"16,249","1,639",4 GB,64 GB,,
24,"Infinix HOT 20 Play (Luna Blue, 64 GB)",Infinix,8199,4.3,505,52,4 GB,64 GB,,
25,"MOTOROLA e40 (Carbon Gray, 64 GB)",MOTOROLA,7999,4.1,"56,085","5,600",4 GB,64 GB,,
26,"MOTOROLA e40 (Pink Clay, 64 GB)",MOTOROLA,7999,4.1,"56,085","5,600",4 GB,64 GB,,
27,"POCO C31 (Shadow Gray, 64 GB)",POCO,7499,4.3,"1,83,688","11,185",4 GB,64 GB,,
28,"MOTOROLA G32 (Mineral Gray, 64 GB)",MOTOROLA,9999,4.2,"16,249","1,639",4 GB,64 GB,,
29,"REDMI 9i Sport (Carbon Black, 64 GB)",REDMI,7199,4.3,"2,09,377","12,027",4 GB,64 GB,,
30,"REDMI 9i Sport (Coral Green, 64 GB)",REDMI,7199,4.3,"2,09,377","12,027",4 GB,64 GB,,
31,"POCO M4 Pro 5G (Cool Blue, 64 GB)",POCO,11999,4.3,"33,258","2,972",4 GB,64 GB,,
32,"realme 9 5G (Stargaze White, 128 GB)",realme,16499,4.4,"44,415","2,930",6 GB,128 GB,,
33,"realme 9 5G (Supersonic Blue, 64 GB)",realme,14999,4.5,"36,109","2,083",4 GB,64 GB,,
34,"realme 9 5G (Meteor Black, 64 GB)",realme,14999,4.5,"36,109","2,083",4 GB,64 GB,,
35,"MOTOROLA G62 5G (Midnight Gray, 128 GB)",MOTOROLA,14999,4.1,"8,567",933,6 GB,128 GB,,
36,"POCO M4 Pro 5G (Cool Blue, 128 GB)",POCO,13999,4.2,"41,124","3,691",6 GB,128 GB,,
37,"MOTOROLA g52 (Metallic White, 128 GB)",MOTOROLA,12999,4.2,"20,882","2,628",6 GB,128 GB,,
38,"realme 9 5G (Meteor Black, 128 GB)",realme,16499,4.4,"44,415","2,930",6 GB,128 GB,,
39,"SAMSUNG Galaxy F23 5G (Aqua Blue, 128 GB)",SAMSUNG,13999,4.2,"32,083","2,613",4 GB,128 GB,,
40,"realme 9 5G (Supersonic Blue, 128 GB)",realme,16499,4.4,"44,415","2,930",6 GB,128 GB,,
41,"realme 9 5G (Stargaze White, 64 GB)",realme,14999,4.5,"36,109","2,083",4 GB,64 GB,,
42,"MOTOROLA g52 (Charcoal Grey, 128 GB)",MOTOROLA,12999,4.2,"20,882","2,628",6 GB,128 GB,,
43,"APPLE iPhone 14 (Starlight, 128 GB)",APPLE,73990,4.6,981,67,128 GB,Not Known,,
44,"SAMSUNG Galaxy F23 5G (Forest Green, 128 GB)",SAMSUNG,14999,4.3,"1,37,778","11,213",6 GB,128 GB,,
45,"APPLE iPhone 14 (Midnight, 128 GB)",APPLE,73990,4.6,981,67,128 GB,Not Known,,
46,"vivo T1 5G (Starlight Black, 128 GB)",vivo,16990,4.4,"1,57,801","12,539",6 GB,128 GB,,
47,"MOTOROLA G32 (Satin Silver, 64 GB)",MOTOROLA,9999,4.2,"16,249","1,639",4 GB,64 GB,,
48,"MOTOROLA G62 5G (Frosted Blue, 128 GB)",MOTOROLA,14999,4.1,"8,567",933,6 GB,128 GB,,
49,"MOTOROLA g42 (Atlantic Green, 64 GB)",MOTOROLA,10999,4.1,"3,075",385,4 GB,64 GB,,
50,"APPLE iPhone 14 (Blue, 128 GB)",APPLE,73990,4.6,981,67,128 GB,Not Known,,
51,"realme 9 5G (Supersonic Black, 128 GB)",realme,16499,4.4,"44,415","2,930",6 GB,128 GB,,
52,"APPLE iPhone 14 (Purple, 128 GB)",APPLE,73990,4.6,981,67,128 GB,Not Known,,
53,"Infinix HOT 20 Play (Racing Black, 64 GB)",Infinix,8199,4.3,505,52,4 GB,64 GB,,
54,"Infinix HOT 20 Play (Aurora Green, 64 GB)",Infinix,8199,4.3,505,52,4 GB,64 GB,,
55,"Infinix HOT 20 Play (Fantasy Purple, 64 GB)",Infinix,8199,4.3,505,52,4 GB,64 GB,,
56,"vivo T1 5G (Rainbow Fantasy, 128 GB)",vivo,16990,4.4,"1,57,801","12,539",6 GB,128 GB,,
57,"vivo T1 5G (Rainbow Fantasy, 128 GB)",vivo,15990,4.3,"59,607","4,787",4 GB,128 GB,,
58,"REDMI Note 11 SE (Cosmic White, 64 GB)",REDMI,16998,4.3,"30,409","1,886",6 GB,64 GB,,
59,"REDMI 10 (Midnight Black, 64 GB)",REDMI,9999,4.3,"1,65,144","10,864",4 GB,64 GB,,
60,"REDMI 10 (Pacific Blue, 64 GB)",REDMI,9999,4.3,"1,65,144","10,864",4 GB,64 GB,,
61,"MOTOROLA G32 (Mineral Gray, 64 GB)",MOTOROLA,9999,4.2,"16,249","1,639",4 GB,64 GB,,
62,"POCO C31 (Royal Blue, 64 GB)",POCO,7499,4.3,"1,83,688","11,185",4 GB,64 GB,,
63,"POCO M4 5G (Cool Blue, 128 GB)",POCO,13999,4.2,"22,699","1,884",6 GB,128 GB,,
64,"vivo T1X (Gravity Black, 64 GB)",vivo,11999,4.5,"68,117","3,863",4 GB,64 GB,,
65,"vivo T1X (Space Blue, 64 GB)",vivo,11999,4.5,"68,117","3,863",4 GB,64 GB,,
66,"POCO M4 5G (Cool Blue, 64 GB)",POCO,11999,4.2,"45,400","3,749",4 GB,64 GB,,
67,"POCO M4 5G (Power Black, 128 GB)",POCO,13999,4.2,"22,699","1,884",6 GB,128 GB,,
68,"MOTOROLA g82 5G(White Lily, 128 GB)",MOTOROLA,18999,4.2,"5,211",703,6 GB,128 GB,,
69,"SAMSUNG Galaxy F23 5G (Forest Green, 128 GB)",SAMSUNG,13999,4.2,"32,083","2,613",4 GB,128 GB,,
70,"vivo T1 5G (Starlight Black, 128 GB)",vivo,15990,4.3,"59,607","4,787",4 GB,128 GB,,
71,"Infinix Smart 6 HD (Origin Blue, 32 GB)",Infinix,5799,4.4,"15,648",823,2 GB,32 GB,,
72,"Infinix HOT 20 Play (Luna Blue, 64 GB)",Infinix,8199,4.3,505,52,4 GB,64 GB,,
73,"MOTOROLA e40 (Carbon Gray, 64 GB)",MOTOROLA,7999,4.1,"56,085","5,600",4 GB,64 GB,,
74,"MOTOROLA e40 (Pink Clay, 64 GB)",MOTOROLA,7999,4.1,"56,085","5,600",4 GB,64 GB,,
75,"POCO C31 (Shadow Gray, 64 GB)",POCO,7499,4.3,"1,83,688","11,185",4 GB,64 GB,,
76,"MOTOROLA G32 (Mineral Gray, 64 GB)",MOTOROLA,9999,4.2,"16,249","1,639",4 GB,64 GB,,
77,"REDMI 9i Sport (Carbon Black, 64 GB)",REDMI,7199,4.3,"2,09,377","12,027",4 GB,64 GB,,
78,"REDMI 9i Sport (Coral Green, 64 GB)",REDMI,7199,4.3,"2,09,377","12,027",4 GB,64 GB,,
79,"POCO M4 Pro 5G (Cool Blue, 64 GB)",POCO,11999,4.3,"33,258","2,972",4 GB,64 GB,,
80,"realme 9 5G (Stargaze White, 128 GB)",realme,16499,4.4,"44,415","2,930",6 GB,128 GB,,
81,"realme 9 5G (Supersonic Blue, 64 GB)",realme,14999,4.5,"36,109","2,083",4 GB,64 GB,,
82,"realme 9 5G (Meteor Black, 64 GB)",realme,14999,4.5,"36,109","2,083",4 GB,64 GB,,
83,"MOTOROLA G62 5G (Midnight Gray, 128 GB)",MOTOROLA,14999,4.1,"8,567",933,6 GB,128 GB,,
84,"POCO M4 Pro 5G (Cool Blue, 128 GB)",POCO,13999,4.2,"41,124","3,691",6 GB,128 GB,,
85,"MOTOROLA g52 (Metallic White, 128 GB)",MOTOROLA,12999,4.2,"20,882","2,628",6 GB,128 GB,,
86,"realme 9 5G (Meteor Black, 128 GB)",realme,16499,4.4,"44,415","2,930",6 GB,128 GB,,
87,"SAMSUNG Galaxy F23 5G (Aqua Blue, 128 GB)",SAMSUNG,13999,4.2,"32,083","2,613",4 GB,128 GB,,
88,"realme 9 5G (Supersonic Blue, 128 GB)",realme,16499,4.4,"44,415","2,930",6 GB,128 GB,,
89,"realme 9 5G (Stargaze White, 64 GB)",realme,14999,4.5,"36,109","2,083",4 GB,64 GB,,
90,"MOTOROLA g52 (Charcoal Grey, 128 GB)",MOTOROLA,12999,4.2,"20,882","2,628",6 GB,128 GB,,
91,"APPLE iPhone 14 (Starlight, 128 GB)",APPLE,73990,4.6,981,67,128 GB,Not Known,,
92,"SAMSUNG Galaxy F23 5G (Forest Green, 128 GB)",SAMSUNG,14999,4.3,"1,37,778","11,213",6 GB,128 GB,,
93,"APPLE iPhone 14 (Midnight, 128 GB)",APPLE,73990,4.6,981,67,128 GB,Not Known,,
94,"vivo T1 5G (Starlight Black, 128 GB)",vivo,16990,4.4,"1,57,801","12,539",6 GB,128 GB,,
95,"MOTOROLA G32 (Satin Silver, 64 GB)",MOTOROLA,9999,4.2,"16,249","1,639",4 GB,64 GB,,
96,"MOTOROLA G62 5G (Frosted Blue, 128 GB)",MOTOROLA,14999,4.1,"8,567",933,6 GB,128 GB,,
97,"MOTOROLA g42 (Atlantic Green, 64 GB)",MOTOROLA,10999,4.1,"3,075",385,4 GB,64 GB,,
98,"APPLE iPhone 14 (Blue, 128 GB)",APPLE,73990,4.6,981,67,128 GB,Not Known,,
99,"realme 9 5G (Supersonic Black, 128 GB)",realme,16499,4.4,"44,415","2,930",6 GB,128 GB,,
100,"APPLE iPhone 14 (Purple, 128 GB)",APPLE,73990,4.6,981,67,128 GB,Not Known,,
101,"Infinix HOT 20 Play (Racing Black, 64 GB)",Infinix,8199,4.3,505,52,4 GB,64 GB,,
102,"Infinix HOT 20 Play (Aurora Green, 64 GB)",Infinix,8199,4.3,505,52,4 GB,64 GB,,
103,"Infinix HOT 20 Play (Fantasy Purple, 64 GB)",Infinix,8199,4.3,505,52,4 GB,64 GB,,
104,"vivo T1 5G (Rainbow Fantasy, 128 GB)",vivo,16990,4.4,"1,57,801","12,539",6 GB,128 GB,,
105,"vivo T1 5G (Rainbow Fantasy, 128 GB)",vivo,15990,4.3,"59,607","4,787",4 GB,128 GB,,
106,"REDMI Note 11 SE (Cosmic White, 64 GB)",REDMI,16998,4.3,"30,409","1,886",6 GB,64 GB,,
107,"REDMI 10 (Midnight Black, 64 GB)",REDMI,9999,4.3,"1,65,144","10,864",4 GB,64 GB,,
108,"REDMI 10 (Pacific Blue, 64 GB)",REDMI,9999,4.3,"1,65,144","10,864",4 GB,64 GB,,
109,"MOTOROLA G32 (Mineral Gray, 64 GB)",MOTOROLA,9999,4.2,"16,249","1,639",4 GB,64 GB,,
110,"POCO C31 (Royal Blue, 64 GB)",POCO,7499,4.3,"1,83,688","11,185",4 GB,64 GB,,
111,"POCO M4 5G (Cool Blue, 128 GB)",POCO,13999,4.2,"22,699","1,884",6 GB,128 GB,,
112,"vivo T1X (Gravity Black, 64 GB)",vivo,11999,4.5,"68,117","3,863",4 GB,64 GB,,
113,"vivo T1X (Space Blue, 64 GB)",vivo,11999,4.5,"68,117","3,863",4 GB,64 GB,,
114,"POCO M4 5G (Cool Blue, 64 GB)",POCO,11999,4.2,"45,400","3,749",4 GB,64 GB,,
115,"POCO M4 5G (Power Black, 128 GB)",POCO,13999,4.2,"22,699","1,884",6 GB,128 GB,,
116,"MOTOROLA g82 5G(White Lily, 128 GB)",MOTOROLA,18999,4.2,"5,211",703,6 GB,128 GB,,
117,"SAMSUNG Galaxy F23 5G (Forest Green, 128 GB)",SAMSUNG,13999,4.2,"32,083","2,613",4 GB,128 GB,,
118,"vivo T1 5G (Starlight Black, 128 GB)",vivo,15990,4.3,"59,607","4,787",4 GB,128 GB,,
119,"Infinix Smart 6 HD (Origin Blue, 32 GB)",Infinix,5799,4.4,"15,648",823,2 GB,32 GB,,
120,"vivo T1 5G (Starlight Black, 128 GB)",vivo,15990,4.3,"59,607","4,787",4 GB,128 GB,,
121,"MOTOROLA g22 (Iceberg Blue, 64 GB)",MOTOROLA,9499,3.7,"26,741","3,220",4 GB,64 GB,,
122,"Infinix Smart 6 HD (Origin Blue, 32 GB)",Infinix,5799,4.4,"15,648",823,2 GB,32 GB,,
123,"Infinix Smart 6 HD (Aqua Sky, 32 GB)",Infinix,5799,4.4,"15,648",823,2 GB,32 GB,,
124,"realme 9i (Prism Blue, 128 GB)",realme,12599,4.5,"1,16,293","6,868",4 GB,128 GB,,
125,"vivo T1X (Gravity Black, 128 GB)",vivo,12999,4.5,"68,117","3,863",4 GB,128 GB,,
126,"vivo T1X (Space Blue, 128 GB)",vivo,12999,4.5,"68,117","3,863",4 GB,128 GB,,
127,"Infinix Hot 12 (Exploratory Blue, 64 GB)",Infinix,8899,4.2,"14,750","1,095",4 GB,64 GB,,
128,"Infinix Hot 12 (7° Purple, 64 GB)",Infinix,8899,4.2,"14,750","1,095",4 GB,64 GB,,
129,"Infinix Smart 6 HD (Force Black, 32 GB)",Infinix,5799,4.4,"15,648",823,2 GB,32 GB,,
130,"REDMI 10 (Caribbean Green, 64 GB)",REDMI,9999,4.3,"1,65,144","10,864",4 GB,64 GB,,
131,"realme 9i (Prism Blue, 128 GB)",realme,13599,4.5,"25,752","1,531",6 GB,128 GB,,
132,"realme 9i (Prism Black, 128 GB)",realme,12599,4.5,"1,16,293","6,868",4 GB,128 GB,,
133,"vivo T1 44W (Starry Sky, 128 GB)",vivo,14499,4.5,"74,897","5,493",4 GB,128 GB,,
134,"vivo T1 44W (Midnight Galaxy, 128 GB)",vivo,14499,4.5,"74,897","5,493",4 GB,128 GB,,
135,Nokia 105 SS,Nokia,1299,4.2,"24,816","1,801",32 MB,32 MB,,
136,Nokia 105 SS,Nokia,1299,4.2,"24,816","1,801",32 MB,32 MB,,
137,"MOTOROLA g42 (Metallic Rose, 64 GB)",MOTOROLA,10999,4.1,"3,075",385,4 GB,64 GB,,
138,"APPLE iPhone 13 (Pink, 128 GB)",APPLE,60999,4.7,"1,77,611","9,781",128 GB,Not Known,,
139,"MOTOROLA g72 (Polar Blue, 128 GB)",MOTOROLA,14999,4.1,"4,878",776,6 GB,128 GB,,
140,"POCO M4 Pro 5G (Yellow, 64 GB)",POCO,11999,4.3,"33,258","2,972",4 GB,64 GB,,
141,"MOTOROLA g82 5G (Meterorite Grey, 128 GB)",MOTOROLA,20499,4.1,"3,123",411,8 GB,128 GB,,
142,"vivo T1X (Space Blue, 128 GB)",vivo,14999,4.4,"3,415",211,6 GB,128 GB,,
143,"POCO M4 Pro (Power Black, 128 GB)",POCO,16499,4.3,"1,30,276","11,960",6 GB,128 GB,,
144,"Infinix HOT 20 Play (Luna Blue, 64 GB)",Infinix,8199,4.3,505,52,4 GB,64 GB,,
145,"MOTOROLA e40 (Carbon Gray, 64 GB)",MOTOROLA,7999,4.1,"56,085","5,600",4 GB,64 GB,,
146,"MOTOROLA e40 (Pink Clay, 64 GB)",MOTOROLA,7999,4.1,"56,085","5,600",4 GB,64 GB,,
147,"POCO C31 (Shadow Gray, 64 GB)",POCO,7499,4.3,"1,83,688","11,185",4 GB,64 GB,,
148,"MOTOROLA G32 (Mineral Gray, 64 GB)",MOTOROLA,9999,4.2,"16,249","1,639",4 GB,64 GB,,
149,"REDMI 9i Sport (Carbon Black, 64 GB)",REDMI,7199,4.3,"2,09,377","12,027",4 GB,64 GB,,
150,"REDMI 9i Sport (Coral Green, 64 GB)",REDMI,7199,4.3,"2,09,377","12,027",4 GB,64 GB,,
151,"POCO M4 Pro 5G (Cool Blue, 64 GB)",POCO,11999,4.3,"33,258","2,972",4 GB,64 GB,,
152,"realme 9 5G (Stargaze White, 128 GB)",realme,16499,4.4,"44,415","2,930",6 GB,128 GB,,
153,"realme 9 5G (Supersonic Blue, 64 GB)",realme,14999,4.5,"36,109","2,083",4 GB,64 GB,,
154,"realme 9 5G (Meteor Black, 64 GB)",realme,14999,4.5,"36,109","2,083",4 GB,64 GB,,
155,"MOTOROLA G62 5G (Midnight Gray, 128 GB)",MOTOROLA,14999,4.1,"8,567",933,6 GB,128 GB,,
156,"POCO M4 Pro 5G (Cool Blue, 128 GB)",POCO,13999,4.2,"41,124","3,691",6 GB,128 GB,,
157,"MOTOROLA g52 (Metallic White, 128 GB)",MOTOROLA,12999,4.2,"20,882","2,628",6 GB,128 GB,,
158,"realme 9 5G (Meteor Black, 128 GB)",realme,16499,4.4,"44,415","2,930",6 GB,128 GB,,
159,"SAMSUNG Galaxy F23 5G (Aqua Blue, 128 GB)",SAMSUNG,13999,4.2,"32,083","2,613",4 GB,128 GB,,
160,"realme 9 5G (Supersonic Blue, 128 GB)",realme,16499,4.4,"44,415","2,930",6 GB,128 GB,,
161,"realme 9 5G (Stargaze White, 64 GB)",realme,14999,4.5,"36,109","2,083",4 GB,64 GB,,
162,"MOTOROLA g52 (Charcoal Grey, 128 GB)",MOTOROLA,12999,4.2,"20,882","2,628",6 GB,128 GB,,
163,"APPLE iPhone 14 (Starlight, 128 GB)",APPLE,73990,4.6,981,67,128 GB,Not Known,,
164,"SAMSUNG Galaxy F23 5G (Forest Green, 128 GB)",SAMSUNG,14999,4.3,"1,37,778","11,213",6 GB,128 GB,,
165,"APPLE iPhone 14 (Midnight, 128 GB)",APPLE,73990,4.6,981,67,128 GB,Not Known,,
166,"vivo T1 5G (Starlight Black, 128 GB)",vivo,16990,4.4,"1,57,801","12,539",6 GB,128 GB,,
167,"MOTOROLA G32 (Satin Silver, 64 GB)",MOTOROLA,9999,4.2,"16,249","1,639",4 GB,64 GB,,
168,"MOTOROLA G62 5G (Frosted Blue, 128 GB)",MOTOROLA,14999,4.1,"8,567",933,6 GB,128 GB,,
169,"MOTOROLA g42 (Atlantic Green, 64 GB)",MOTOROLA,10999,4.1,"3,075",385,4 GB,64 GB,,
170,"APPLE iPhone 14 (Blue, 128 GB)",APPLE,73990,4.6,981,67,128 GB,Not Known,,
171,"realme 9 5G (Supersonic Black, 128 GB)",realme,16499,4.4,"44,415","2,930",6 GB,128 GB,,
172,"APPLE iPhone 14 (Purple, 128 GB)",APPLE,73990,4.6,981,67,128 GB,Not Known,,
173,"Infinix HOT 20 Play (Racing Black, 64 GB)",Infinix,8199,4.3,505,52,4 GB,64 GB,,
174,"Infinix HOT 20 Play (Aurora Green, 64 GB)",Infinix,8199,4.3,505,52,4 GB,64 GB,,
175,"Infinix HOT 20 Play (Fantasy Purple, 64 GB)",Infinix,8199,4.3,505,52,4 GB,64 GB,,
176,"vivo T1 5G (Rainbow Fantasy, 128 GB)",vivo,16990,4.4,"1,57,801","12,539",6 GB,128 GB,,
177,"vivo T1 5G (Rainbow Fantasy, 128 GB)",vivo,15990,4.3,"59,607","4,787",4 GB,128 GB,,
178,"REDMI Note 11 SE (Cosmic White, 64 GB)",REDMI,16998,4.3,"30,409","1,886",6 GB,64 GB,,
179,"REDMI 10 (Midnight Black, 64 GB)",REDMI,9999,4.3,"1,65,144","10,864",4 GB,64 GB,,
180,"REDMI 10 (Pacific Blue, 64 GB)",REDMI,9999,4.3,"1,65,144","10,864",4 GB,64 GB,,
181,"MOTOROLA G32 (Mineral Gray, 64 GB)",MOTOROLA,9999,4.2,"16,249","1,639",4 GB,64 GB,,
182,"POCO C31 (Royal Blue, 64 GB)",POCO,7499,4.3,"1,83,688","11,185",4 GB,64 GB,,
183,"POCO M4 5G (Cool Blue, 128 GB)",POCO,13999,4.2,"22,699","1,884",6 GB,128 GB,,
184,"vivo T1X (Gravity Black, 64 GB)",vivo,11999,4.5,"68,117","3,863",4 GB,64 GB,,
185,"vivo T1X (Space Blue, 64 GB)",vivo,11999,4.5,"68,117","3,863",4 GB,64 GB,,
186,"POCO M4 5G (Cool Blue, 64 GB)",POCO,11999,4.2,"45,400","3,749",4 GB,64 GB,,
187,"POCO M4 5G (Power Black, 128 GB)",POCO,13999,4.2,"22,699","1,884",6 GB,128 GB,,
188,"MOTOROLA g82 5G(White Lily, 128 GB)",MOTOROLA,18999,4.2,"5,211",703,6 GB,128 GB,,
189,"SAMSUNG Galaxy F23 5G (Forest Green, 128 GB)",SAMSUNG,13999,4.2,"32,083","2,613",4 GB,128 GB,,
190,"vivo T1 5G (Starlight Black, 128 GB)",vivo,15990,4.3,"59,607","4,787",4 GB,128 GB,,
191,"Infinix Smart 6 HD (Origin Blue, 32 GB)",Infinix,5799,4.4,"15,648",823,2 GB,32 GB,,
192,"vivo T1 5G (Starlight Black, 128 GB)",vivo,15990,4.3,"59,607","4,787",4 GB,128 GB,,
193,"MOTOROLA g22 (Iceberg Blue, 64 GB)",MOTOROLA,9499,3.7,"26,741","3,220",4 GB,64 GB,,
194,"Infinix Smart 6 HD (Origin Blue, 32 GB)",Infinix,5799,4.4,"15,648",823,2 GB,32 GB,,
195,"Infinix Smart 6 HD (Aqua Sky, 32 GB)",Infinix,5799,4.4,"15,648",823,2 GB,32 GB,,
196,"realme 9i (Prism Blue, 128 GB)",realme,12599,4.5,"1,16,293","6,868",4 GB,128 GB,,
197,"vivo T1X (Gravity Black, 128 GB)",vivo,12999,4.5,"68,117","3,863",4 GB,128 GB,,
198,"vivo T1X (Space Blue, 128 GB)",vivo,12999,4.5,"68,117","3,863",4 GB,128 GB,,
199,"Infinix Hot 12 (Exploratory Blue, 64 GB)",Infinix,8899,4.2,"14,750","1,095",4 GB,64 GB,,
200,"Infinix Hot 12 (7° Purple, 64 GB)",Infinix,8899,4.2,"14,750","1,095",4 GB,64 GB,,
201,"Infinix Smart 6 HD (Force Black, 32 GB)",Infinix,5799,4.4,"15,648",823,2 GB,32 GB,,
202,"REDMI 10 (Caribbean Green, 64 GB)",REDMI,9999,4.3,"1,65,144","10,864",4 GB,64 GB,,
203,"realme 9i (Prism Blue, 128 GB)",realme,13599,4.5,"25,752","1,531",6 GB,128 GB,,
204,"realme 9i (Prism Black, 128 GB)",realme,12599,4.5,"1,16,293","6,868",4 GB,128 GB,,
205,"vivo T1 44W (Starry Sky, 128 GB)",vivo,14499,4.5,"74,897","5,493",4 GB,128 GB,,
206,"vivo T1 44W (Midnight Galaxy, 128 GB)",vivo,14499,4.5,"74,897","5,493",4 GB,128 GB,,
207,Nokia 105 SS,Nokia,1299,4.2,"24,816","1,801",32 MB,32 MB,,
208,Nokia 105 SS,Nokia,1299,4.2,"24,816","1,801",32 MB,32 MB,,
209,"MOTOROLA g42 (Metallic Rose, 64 GB)",MOTOROLA,10999,4.1,"3,075",385,4 GB,64 GB,,
210,"APPLE iPhone 13 (Pink, 128 GB)",APPLE,60999,4.7,"1,77,611","9,781",128 GB,Not Known,,
211,"MOTOROLA g72 (Polar Blue, 128 GB)",MOTOROLA,14999,4.1,"4,878",776,6 GB,128 GB,,
212,"POCO M4 Pro 5G (Yellow, 64 GB)",POCO,11999,4.3,"33,258","2,972",4 GB,64 GB,,
213,"MOTOROLA g82 5G (Meterorite Grey, 128 GB)",MOTOROLA,20499,4.1,"3,123",411,8 GB,128 GB,,
214,"vivo T1X (Space Blue, 128 GB)",vivo,14999,4.4,"3,415",211,6 GB,128 GB,,
215,"POCO M4 Pro (Power Black, 128 GB)",POCO,16499,4.3,"1,30,276","11,960",6 GB,128 GB,,
216,"Infinix Smart 6 Plus (Tranquil Sea Blue, 64 GB)",Infinix,7599,4.2,"9,919",738,3 GB,64 GB,,
217,"REDMI 10 (Caribbean Green, 64 GB)",REDMI,9999,4.3,"1,65,144","10,864",4 GB,64 GB,,
218,"vivo T1 44W (Midnight Galaxy, 128 GB)",vivo,15999,4.4,"43,289","3,353",6 GB,128 GB,,
219,"vivo T1 44W (Starry Sky, 128 GB)",vivo,15999,4.4,"43,289","3,353",6 GB,128 GB,,
220,"realme 10 Pro 5G (Dark Matter, 128 GB)",realme,18999,4.4,"3,410",339,6 GB,128 GB,,
221,"realme 10 Pro 5G (Nebula Blue, 128 GB)",realme,19999,4.4,"1,963",193,8 GB,128 GB,,
222,"Infinix Hot 12 (Polar Black, 64 GB)",Infinix,8899,4.2,"14,750","1,095",4 GB,64 GB,,
223,"SAMSUNG Galaxy F13 (Nightsky Green, 128 GB)",SAMSUNG,12999,4.4,"1,08,205","6,211",4 GB,128 GB,,
224,"realme 9 (Sunburst Gold, 128 GB)",realme,14599,4.4,"55,583","4,035",6 GB,128 GB,,
225,"realme 9 (Meteor Black, 128 GB)",realme,14599,4.4,"55,583","4,035",6 GB,128 GB,,
226,"realme 9 (Stargaze White, 128 GB)",realme,14599,4.4,"55,583","4,035",6 GB,128 GB,,
227,"MOTOROLA g82 5G (Meterorite Grey, 128 GB)",MOTOROLA,18999,4.2,"5,211",703,6 GB,128 GB,,
228,"POCO M4 Pro 5G (Power Black, 128 GB)",POCO,14999,4.2,"7,856",692,8 GB,128 GB,,
229,"APPLE iPhone 13 (Starlight, 128 GB)",APPLE,60999,4.7,"1,77,611","9,781",128 GB,Not Known,,
230,"vivo T1 5G (Silky White, 128 GB)",vivo,16990,4.4,"1,57,801","12,539",6 GB,128 GB,,
231,"vivo T1 5G (Starlight Black, 128 GB)",vivo,16990,4.4,"1,57,801","12,539",6 GB,128 GB,,
232,"POCO M4 Pro 5G (Cool Blue, 128 GB)",POCO,14999,4.2,"7,856",692,8 GB,128 GB,,
233,"REDMI 9i Sport (Metallic Blue, 64 GB)",REDMI,7199,4.3,"2,09,377","12,027",4 GB,64 GB,,
234,"SAMSUNG Galaxy F13 (Sunrise Copper, 128 GB)",SAMSUNG,12999,4.4,"1,08,205","6,211",4 GB,128 GB,,
235,"MOTOROLA g82 5G (White Lily, 128 GB)",MOTOROLA,20499,4.1,"3,123",411,8 GB,128 GB,,
236,"APPLE iPhone 12 mini (Black, 64 GB)",APPLE,37999,4.5,"1,23,326","9,923",64 GB,Not Known,,
237,"MOTOROLA g31 (Meteorite Grey, 64 GB)",MOTOROLA,9999,4.2,"31,884","3,711",4 GB,64 GB,,
238,"POCO M4 Pro (Power Black, 128 GB)",POCO,16499,4.3,"1,30,276","11,960",6 GB,128 GB,,
239,"MOTOROLA G62 5G (Midnight Gray, 128 GB)",MOTOROLA,16999,4.1,"1,949",229,8 GB,128 GB,,
240,"Infinix HOT 20 Play (Luna Blue, 64 GB)",Infinix,8199,4.3,505,52,4 GB,64 GB,,
241,"MOTOROLA e40 (Carbon Gray, 64 GB)",MOTOROLA,7999,4.1,"56,085","5,600",4 GB,64 GB,,
242,"MOTOROLA e40 (Pink Clay, 64 GB)",MOTOROLA,7999,4.1,"56,085","5,600",4 GB,64 GB,,
243,"POCO C31 (Shadow Gray, 64 GB)",POCO,7499,4.3,"1,83,688","11,185",4 GB,64 GB,,
244,"MOTOROLA G32 (Mineral Gray, 64 GB)",MOTOROLA,9999,4.2,"16,249","1,639",4 GB,64 GB,,
245,"REDMI 9i Sport (Carbon Black, 64 GB)",REDMI,7199,4.3,"2,09,377","12,027",4 GB,64 GB,,
246,"REDMI 9i Sport (Coral Green, 64 GB)",REDMI,7199,4.3,"2,09,377","12,027",4 GB,64 GB,,
247,"POCO M4 Pro 5G (Cool Blue, 64 GB)",POCO,11999,4.3,"33,258","2,972",4 GB,64 GB,,
248,"realme 9 5G (Stargaze White, 128 GB)",realme,16499,4.4,"44,415","2,930",6 GB,128 GB,,
249,"realme 9 5G (Supersonic Blue, 64 GB)",realme,14999,4.5,"36,109","2,083",4 GB,64 GB,,
250,"realme 9 5G (Meteor Black, 64 GB)",realme,14999,4.5,"36,109","2,083",4 GB,64 GB,,
251,"MOTOROLA G62 5G (Midnight Gray, 128 GB)",MOTOROLA,14999,4.1,"8,567",933,6 GB,128 GB,,
252,"POCO M4 Pro 5G (Cool Blue, 128 GB)",POCO,13999,4.2,"41,124","3,691",6 GB,128 GB,,
253,"MOTOROLA g52 (Metallic White, 128 GB)",MOTOROLA,12999,4.2,"20,882","2,628",6 GB,128 GB,,
254,"realme 9 5G (Meteor Black, 128 GB)",realme,16499,4.4,"44,415","2,930",6 GB,128 GB,,
255,"SAMSUNG Galaxy F23 5G (Aqua Blue, 128 GB)",SAMSUNG,13999,4.2,"32,083","2,613",4 GB,128 GB,,
256,"realme 9 5G (Supersonic Blue, 128 GB)",realme,16499,4.4,"44,415","2,930",6 GB,128 GB,,
257,"realme 9 5G (Stargaze White, 64 GB)",realme,14999,4.5,"36,109","2,083",4 GB,64 GB,,
258,"MOTOROLA g52 (Charcoal Grey, 128 GB)",MOTOROLA,12999,4.2,"20,882","2,628",6 GB,128 GB,,
259,"APPLE iPhone 14 (Starlight, 128 GB)",APPLE,73990,4.6,981,67,128 GB,Not Known,,
260,"SAMSUNG Galaxy F23 5G (Forest Green, 128 GB)",SAMSUNG,14999,4.3,"1,37,778","11,213",6 GB,128 GB,,
261,"APPLE iPhone 14 (Midnight, 128 GB)",APPLE,73990,4.6,981,67,128 GB,Not Known,,
262,"vivo T1 5G (Starlight Black, 128 GB)",vivo,16990,4.4,"1,57,801","12,539",6 GB,128 GB,,
263,"MOTOROLA G32 (Satin Silver, 64 GB)",MOTOROLA,9999,4.2,"16,249","1,639",4 GB,64 GB,,
264,"MOTOROLA G62 5G (Frosted Blue, 128 GB)",MOTOROLA,14999,4.1,"8,567",933,6 GB,128 GB,,
265,"MOTOROLA g42 (Atlantic Green, 64 GB)",MOTOROLA,10999,4.1,"3,075",385,4 GB,64 GB,,
266,"APPLE iPhone 14 (Blue, 128 GB)",APPLE,73990,4.6,981,67,128 GB,Not Known,,
267,"realme 9 5G (Supersonic Black, 128 GB)",realme,16499,4.4,"44,415","2,930",6 GB,128 GB,,
268,"APPLE iPhone 14 (Purple, 128 GB)",APPLE,73990,4.6,981,67,128 GB,Not Known,,
269,"Infinix HOT 20 Play (Racing Black, 64 GB)",Infinix,8199,4.3,505,52,4 GB,64 GB,,
270,"Infinix HOT 20 Play (Aurora Green, 64 GB)",Infinix,8199,4.3,505,52,4 GB,64 GB,,
271,"Infinix HOT 20 Play (Fantasy Purple, 64 GB)",Infinix,8199,4.3,505,52,4 GB,64 GB,,
272,"vivo T1 5G (Rainbow Fantasy, 128 GB)",vivo,16990,4.4,"1,57,801","12,539",6 GB,128 GB,,
273,"vivo T1 5G (Rainbow Fantasy, 128 GB)",vivo,15990,4.3,"59,607","4,787",4 GB,128 GB,,
274,"REDMI Note 11 SE (Cosmic White, 64 GB)",REDMI,16998,4.3,"30,409","1,886",6 GB,64 GB,,
275,"REDMI 10 (Midnight Black, 64 GB)",REDMI,9999,4.3,"1,65,144","10,864",4 GB,64 GB,,
276,"REDMI 10 (Pacific Blue, 64 GB)",REDMI,9999,4.3,"1,65,144","10,864",4 GB,64 GB,,
277,"MOTOROLA G32 (Mineral Gray, 64 GB)",MOTOROLA,9999,4.2,"16,249","1,639",4 GB,64 GB,,
278,"POCO C31 (Royal Blue, 64 GB)",POCO,7499,4.3,"1,83,688","11,185",4 GB,64 GB,,
279,"POCO M4 5G (Cool Blue, 128 GB)",POCO,13999,4.2,"22,699","1,884",6 GB,128 GB,,
280,"vivo T1X (Gravity Black, 64 GB)",vivo,11999,4.5,"68,117","3,863",4 GB,64 GB,,
281,"vivo T1X (Space Blue, 64 GB)",vivo,11999,4.5,"68,117","3,863",4 GB,64 GB,,
282,"POCO M4 5G (Cool Blue, 64 GB)",POCO,11999,4.2,"45,400","3,749",4 GB,64 GB,,
283,"POCO M4 5G (Power Black, 128 GB)",POCO,13999,4.2,"22,699","1,884",6 GB,128 GB,,
284,"MOTOROLA g82 5G(White Lily, 128 GB)",MOTOROLA,18999,4.2,"5,211",703,6 GB,128 GB,,
285,"SAMSUNG Galaxy F23 5G (Forest Green, 128 GB)",SAMSUNG,13999,4.2,"32,083","2,613",4 GB,128 GB,,
286,"vivo T1 5G (Starlight Black, 128 GB)",vivo,15990,4.3,"59,607","4,787",4 GB,128 GB,,
287,"Infinix Smart 6 HD (Origin Blue, 32 GB)",Infinix,5799,4.4,"15,648",823,2 GB,32 GB,,
288,"vivo T1 5G (Starlight Black, 128 GB)",vivo,15990,4.3,"59,607","4,787",4 GB,128 GB,,
289,"MOTOROLA g22 (Iceberg Blue, 64 GB)",MOTOROLA,9499,3.7,"26,741","3,220",4 GB,64 GB,,
290,"Infinix Smart 6 HD (Origin Blue, 32 GB)",Infinix,5799,4.4,"15,648",823,2 GB,32 GB,,
291,"Infinix Smart 6 HD (Aqua Sky, 32 GB)",Infinix,5799,4.4,"15,648",823,2 GB,32 GB,,
292,"realme 9i (Prism Blue, 128 GB)",realme,12599,4.5,"1,16,293","6,868",4 GB,128 GB,,
293,"vivo T1X (Gravity Black, 128 GB)",vivo,12999,4.5,"68,117","3,863",4 GB,128 GB,,
294,"vivo T1X (Space Blue, 128 GB)",vivo,12999,4.5,"68,117","3,863",4 GB,128 GB,,
295,"Infinix Hot 12 (Exploratory Blue, 64 GB)",Infinix,8899,4.2,"14,750","1,095",4 GB,64 GB,,
296,"Infinix Hot 12 (7° Purple, 64 GB)",Infinix,8899,4.2,"14,750","1,095",4 GB,64 GB,,
297,"Infinix Smart 6 HD (Force Black, 32 GB)",Infinix,5799,4.4,"15,648",823,2 GB,32 GB,,
298,"REDMI 10 (Caribbean Green, 64 GB)",REDMI,9999,4.3,"1,65,144","10,864",4 GB,64 GB,,
299,"realme 9i (Prism Blue, 128 GB)",realme,13599,4.5,"25,752","1,531",6 GB,128 GB,,
300,"realme 9i (Prism Black, 128 GB)",realme,12599,4.5,"1,16,293","6,868",4 GB,128 GB,,
301,"vivo T1 44W (Starry Sky, 128 GB)",vivo,14499,4.5,"74,897","5,493",4 GB,128 GB,,
302,"vivo T1 44W (Midnight Galaxy, 128 GB)",vivo,14499,4.5,"74,897","5,493",4 GB,128 GB,,
303,Nokia 105 SS,Nokia,1299,4.2,"24,816","1,801",32 MB,32 MB,,
304,Nokia 105 SS,Nokia,1299,4.2,"24,816","1,801",32 MB,32 MB,,
305,"MOTOROLA g42 (Metallic Rose, 64 GB)",MOTOROLA,10999,4.1,"3,075",385,4 GB,64 GB,,
306,"APPLE iPhone 13 (Pink, 128 GB)",APPLE,60999,4.7,"1,77,611","9,781",128 GB,Not Known,,
307,"MOTOROLA g72 (Polar Blue, 128 GB)",MOTOROLA,14999,4.1,"4,878",776,6 GB,128 GB,,
308,"POCO M4 Pro 5G (Yellow, 64 GB)",POCO,11999,4.3,"33,258","2,972",4 GB,64 GB,,
309,"MOTOROLA g82 5G (Meterorite Grey, 128 GB)",MOTOROLA,20499,4.1,"3,123",411,8 GB,128 GB,,
310,"vivo T1X (Space Blue, 128 GB)",vivo,14999,4.4,"3,415",211,6 GB,128 GB,,
311,"POCO M4 Pro (Power Black, 128 GB)",POCO,16499,4.3,"1,30,276","11,960",6 GB,128 GB,,
312,"Infinix Smart 6 Plus (Tranquil Sea Blue, 64 GB)",Infinix,7599,4.2,"9,919",738,3 GB,64 GB,,
313,"REDMI 10 (Caribbean Green, 64 GB)",REDMI,9999,4.3,"1,65,144","10,864",4 GB,64 GB,,
314,"vivo T1 44W (Midnight Galaxy, 128 GB)",vivo,15999,4.4,"43,289","3,353",6 GB,128 GB,,
315,"vivo T1 44W (Starry Sky, 128 GB)",vivo,15999,4.4,"43,289","3,353",6 GB,128 GB,,
316,"realme 10 Pro 5G (Dark Matter, 128 GB)",realme,18999,4.4,"3,410",339,6 GB,128 GB,,
317,"realme 10 Pro 5G (Nebula Blue, 128 GB)",realme,19999,4.4,"1,963",193,8 GB,128 GB,,
318,"Infinix Hot 12 (Polar Black, 64 GB)",Infinix,8899,4.2,"14,750","1,095",4 GB,64 GB,,
319,"SAMSUNG Galaxy F13 (Nightsky Green, 128 GB)",SAMSUNG,12999,4.4,"1,08,205","6,211",4 GB,128 GB,,
320,"realme 9 (Sunburst Gold, 128 GB)",realme,14599,4.4,"55,583","4,035",6 GB,128 GB,,
321,"realme 9 (Meteor Black, 128 GB)",realme,14599,4.4,"55,583","4,035",6 GB,128 GB,,
322,"realme 9 (Stargaze White, 128 GB)",realme,14599,4.4,"55,583","4,035",6 GB,128 GB,,
323,"MOTOROLA g82 5G (Meterorite Grey, 128 GB)",MOTOROLA,18999,4.2,"5,211",703,6 GB,128 GB,,
324,"POCO M4 Pro 5G (Power Black, 128 GB)",POCO,14999,4.2,"7,856",692,8 GB,128 GB,,
325,"APPLE iPhone 13 (Starlight, 128 GB)",APPLE,60999,4.7,"1,77,611","9,781",128 GB,Not Known,,
326,"vivo T1 5G (Silky White, 128 GB)",vivo,16990,4.4,"1,57,801","12,539",6 GB,128 GB,,
327,"vivo T1 5G (Starlight Black, 128 GB)",vivo,16990,4.4,"1,57,801","12,539",6 GB,128 GB,,
328,"POCO M4 Pro 5G (Cool Blue, 128 GB)",POCO,14999,4.2,"7,856",692,8 GB,128 GB,,
329,"REDMI 9i Sport (Metallic Blue, 64 GB)",REDMI,7199,4.3,"2,09,377","12,027",4 GB,64 GB,,
330,"SAMSUNG Galaxy F13 (Sunrise Copper, 128 GB)",SAMSUNG,12999,4.4,"1,08,205","6,211",4 GB,128 GB,,
331,"MOTOROLA g82 5G (White Lily, 128 GB)",MOTOROLA,20499,4.1,"3,123",411,8 GB,128 GB,,
332,"APPLE iPhone 12 mini (Black, 64 GB)",APPLE,37999,4.5,"1,23,326","9,923",64 GB,Not Known,,
333,"MOTOROLA g31 (Meteorite Grey, 64 GB)",MOTOROLA,9999,4.2,"31,884","3,711",4 GB,64 GB,,
334,"POCO M4 Pro (Power Black, 128 GB)",POCO,16499,4.3,"1,30,276","11,960",6 GB,128 GB,,
335,"MOTOROLA G62 5G (Midnight Gray, 128 GB)",MOTOROLA,16999,4.1,"1,949",229,8 GB,128 GB,,
336,"realme C30 (Denim Black, 32 GB)",realme,5999,4.3,"66,939","3,492",2 GB,32 GB,,
337,"realme C30 (Lake Blue, 32 GB)",realme,5999,4.3,"66,939","3,492",2 GB,32 GB,,
338,"SAMSUNG Galaxy F13 (Waterfall Blue, 128 GB)",SAMSUNG,12999,4.4,"1,08,205","6,211",4 GB,128 GB,,
339,"APPLE iPhone 14 (Midnight, 256 GB)",APPLE,83990,4.6,981,67,256 GB,Not Known,,
340,"POCO X4 Pro 5G (Laser Blue, 128 GB)",POCO,19999,4.2,"61,334","6,308",6 GB,128 GB,,
341,"MOTOROLA g72 (Meteorite Grey, 128 GB)",MOTOROLA,14999,4.1,"4,878",776,6 GB,128 GB,,
342,"MOTOROLA g31 (Baby Blue, 128 GB)",MOTOROLA,11999,4.1,"12,475","1,337",6 GB,128 GB,,
343,"APPLE iPhone 13 (Midnight, 128 GB)",APPLE,60999,4.7,"1,77,611","9,781",128 GB,Not Known,,
344,"SAMSUNG Galaxy S21 FE 5G (Olive, 128 GB)",SAMSUNG,35999,4.4,"29,082","3,001",8 GB,128 GB,,
345,"APPLE iPhone 12 mini (Black, 64 GB)",APPLE,37999,4.5,"1,23,326","9,923",64 GB,Not Known,,
346,"POCO M3 Pro 5G (Yellow, 128 GB)",POCO,15499,4.2,"52,420","4,434",6 GB,128 GB,,
347,"OPPO K10 (Black Carbon, 128 GB)",OPPO,13990,4.4,"95,135","7,013",6 GB,128 GB,,
348,"realme 9 (Stargaze White, 128 GB)",realme,15599,4.4,"20,705","1,568",8 GB,128 GB,,
349,"OPPO K10 (Blue Flame, 128 GB)",OPPO,13990,4.4,"95,135","7,013",6 GB,128 GB,,
350,"APPLE iPhone 14 (Starlight, 256 GB)",APPLE,83990,4.6,981,67,256 GB,Not Known,,
351,"REDMI 10 (Pacific Blue, 128 GB)",REDMI,11999,4.2,"21,630","1,610",6 GB,128 GB,,
352,"MOTOROLA g31 (Baby Blue, 64 GB)",MOTOROLA,9999,4.2,"31,884","3,711",4 GB,64 GB,,
353,"Infinix Note 12 5G (Force Black, 64 GB)",Infinix,12999,4.2,"10,906","1,285",6 GB,64 GB,,
354,"MOTOROLA Edge 30 (Aurora Green, 128 GB)",MOTOROLA,24999,4.1,"3,589",526,8 GB,128 GB,,
355,"Infinix Note 12 (Jewel Blue, 64 GB)",Infinix,9999,4.2,"22,608","2,286",4 GB,64 GB,,
356,"Infinix Note 12 (Force Black, 64 GB)",Infinix,9999,4.2,"22,608","2,286",4 GB,64 GB,,
357,"APPLE iPhone 11 (White, 64 GB)",APPLE,39999,4.6,"1,76,742","10,518",64 GB,Not Known,,
358,"realme C30 (Lake Blue, 32 GB)",realme,6999,4.1,"32,757","2,159",3 GB,32 GB,,
359,"realme C30 (Denim Black, 32 GB)",realme,6999,4.1,"32,757","2,159",3 GB,32 GB,,
360,"Infinix HOT 20 Play (Luna Blue, 64 GB)",Infinix,8199,4.3,505,52,4 GB,64 GB,,
361,"MOTOROLA e40 (Carbon Gray, 64 GB)",MOTOROLA,7999,4.1,"56,085","5,600",4 GB,64 GB,,
362,"MOTOROLA e40 (Pink Clay, 64 GB)",MOTOROLA,7999,4.1,"56,085","5,600",4 GB,64 GB,,
363,"POCO C31 (Shadow Gray, 64 GB)",POCO,7499,4.3,"1,83,688","11,185",4 GB,64 GB,,
364,"MOTOROLA G32 (Mineral Gray, 64 GB)",MOTOROLA,9999,4.2,"16,249","1,639",4 GB,64 GB,,
365,"REDMI 9i Sport (Carbon Black, 64 GB)",REDMI,7199,4.3,"2,09,377","12,027",4 GB,64 GB,,
366,"REDMI 9i Sport (Coral Green, 64 GB)",REDMI,7199,4.3,"2,09,377","12,027",4 GB,64 GB,,
367,"POCO M4 Pro 5G (Cool Blue, 64 GB)",POCO,11999,4.3,"33,258","2,972",4 GB,64 GB,,
368,"realme 9 5G (Stargaze White, 128 GB)",realme,16499,4.4,"44,415","2,930",6 GB,128 GB,,
369,"realme 9 5G (Supersonic Blue, 64 GB)",realme,14999,4.5,"36,109","2,083",4 GB,64 GB,,
370,"realme 9 5G (Meteor Black, 64 GB)",realme,14999,4.5,"36,109","2,083",4 GB,64 GB,,
371,"MOTOROLA G62 5G (Midnight Gray, 128 GB)",MOTOROLA,14999,4.1,"8,567",933,6 GB,128 GB,,
372,"POCO M4 Pro 5G (Cool Blue, 128 GB)",POCO,13999,4.2,"41,124","3,691",6 GB,128 GB,,
373,"MOTOROLA g52 (Metallic White, 128 GB)",MOTOROLA,12999,4.2,"20,882","2,628",6 GB,128 GB,,
374,"realme 9 5G (Meteor Black, 128 GB)",realme,16499,4.4,"44,415","2,930",6 GB,128 GB,,
375,"SAMSUNG Galaxy F23 5G (Aqua Blue, 128 GB)",SAMSUNG,13999,4.2,"32,083","2,613",4 GB,128 GB,,
376,"realme 9 5G (Supersonic Blue, 128 GB)",realme,16499,4.4,"44,415","2,930",6 GB,128 GB,,
377,"realme 9 5G (Stargaze White, 64 GB)",realme,14999,4.5,"36,109","2,083",4 GB,64 GB,,
378,"MOTOROLA g52 (Charcoal Grey, 128 GB)",MOTOROLA,12999,4.2,"20,882","2,628",6 GB,128 GB,,
379,"APPLE iPhone 14 (Starlight, 128 GB)",APPLE,73990,4.6,981,67,128 GB,Not Known,,
380,"SAMSUNG Galaxy F23 5G (Forest Green, 128 GB)",SAMSUNG,14999,4.3,"1,37,778","11,213",6 GB,128 GB,,
381,"APPLE iPhone 14 (Midnight, 128 GB)",APPLE,73990,4.6,981,67,128 GB,Not Known,,
382,"vivo T1 5G (Starlight Black, 128 GB)",vivo,16990,4.4,"1,57,801","12,539",6 GB,128 GB,,
383,"MOTOROLA G32 (Satin Silver, 64 GB)",MOTOROLA,9999,4.2,"16,249","1,639",4 GB,64 GB,,
384,"MOTOROLA G62 5G (Frosted Blue, 128 GB)",MOTOROLA,14999,4.1,"8,567",933,6 GB,128 GB,,
385,"MOTOROLA g42 (Atlantic Green, 64 GB)",MOTOROLA,10999,4.1,"3,075",385,4 GB,64 GB,,
386,"APPLE iPhone 14 (Blue, 128 GB)",APPLE,73990,4.6,981,67,128 GB,Not Known,,
387,"realme 9 5G (Supersonic Black, 128 GB)",realme,16499,4.4,"44,415","2,930",6 GB,128 GB,,
388,"APPLE iPhone 14 (Purple, 128 GB)",APPLE,73990,4.6,981,67,128 GB,Not Known,,
389,"Infinix HOT 20 Play (Racing Black, 64 GB)",Infinix,8199,4.3,505,52,4 GB,64 GB,,
390,"Infinix HOT 20 Play (Aurora Green, 64 GB)",Infinix,8199,4.3,505,52,4 GB,64 GB,,
391,"Infinix HOT 20 Play (Fantasy Purple, 64 GB)",Infinix,8199,4.3,505,52,4 GB,64 GB,,
392,"vivo T1 5G (Rainbow Fantasy, 128 GB)",vivo,16990,4.4,"1,57,801","12,539",6 GB,128 GB,,
393,"vivo T1 5G (Rainbow Fantasy, 128 GB)",vivo,15990,4.3,"59,607","4,787",4 GB,128 GB,,
394,"REDMI Note 11 SE (Cosmic White, 64 GB)",REDMI,16998,4.3,"30,409","1,886",6 GB,64 GB,,
395,"REDMI 10 (Midnight Black, 64 GB)",REDMI,9999,4.3,"1,65,144","10,864",4 GB,64 GB,,
396,"REDMI 10 (Pacific Blue, 64 GB)",REDMI,9999,4.3,"1,65,144","10,864",4 GB,64 GB,,
397,"MOTOROLA G32 (Mineral Gray, 64 GB)",MOTOROLA,9999,4.2,"16,249","1,639",4 GB,64 GB,,
398,"POCO C31 (Royal Blue, 64 GB)",POCO,7499,4.3,"1,83,688","11,185",4 GB,64 GB,,
399,"POCO M4 5G (Cool Blue, 128 GB)",POCO,13999,4.2,"22,699","1,884",6 GB,128 GB,,
400,"vivo T1X (Gravity Black, 64 GB)",vivo,11999,4.5,"68,117","3,863",4 GB,64 GB,,
401,"vivo T1X (Space Blue, 64 GB)",vivo,11999,4.5,"68,117","3,863",4 GB,64 GB,,
402,"POCO M4 5G (Cool Blue, 64 GB)",POCO,11999,4.2,"45,400","3,749",4 GB,64 GB,,
403,"POCO M4 5G (Power Black, 128 GB)",POCO,13999,4.2,"22,699","1,884",6 GB,128 GB,,
404,"MOTOROLA g82 5G(White Lily, 128 GB)",MOTOROLA,18999,4.2,"5,211",703,6 GB,128 GB,,
405,"SAMSUNG Galaxy F23 5G (Forest Green, 128 GB)",SAMSUNG,13999,4.2,"32,083","2,613",4 GB,128 GB,,
406,"vivo T1 5G (Starlight Black, 128 GB)",vivo,15990,4.3,"59,607","4,787",4 GB,128 GB,,
407,"Infinix Smart 6 HD (Origin Blue, 32 GB)",Infinix,5799,4.4,"15,648",823,2 GB,32 GB,,
408,"vivo T1 5G (Starlight Black, 128 GB)",vivo,15990,4.3,"59,607","4,787",4 GB,128 GB,,
409,"MOTOROLA g22 (Iceberg Blue, 64 GB)",MOTOROLA,9499,3.7,"26,741","3,220",4 GB,64 GB,,
410,"Infinix Smart 6 HD (Origin Blue, 32 GB)",Infinix,5799,4.4,"15,648",823,2 GB,32 GB,,
411,"Infinix Smart 6 HD (Aqua Sky, 32 GB)",Infinix,5799,4.4,"15,648",823,2 GB,32 GB,,
412,"realme 9i (Prism Blue, 128 GB)",realme,12599,4.5,"1,16,293","6,868",4 GB,128 GB,,
413,"vivo T1X (Gravity Black, 128 GB)",vivo,12999,4.5,"68,117","3,863",4 GB,128 GB,,
414,"vivo T1X (Space Blue, 128 GB)",vivo,12999,4.5,"68,117","3,863",4 GB,128 GB,,
415,"Infinix Hot 12 (Exploratory Blue, 64 GB)",Infinix,8899,4.2,"14,750","1,095",4 GB,64 GB,,
416,"Infinix Hot 12 (7° Purple, 64 GB)",Infinix,8899,4.2,"14,750","1,095",4 GB,64 GB,,
417,"Infinix Smart 6 HD (Force Black, 32 GB)",Infinix,5799,4.4,"15,648",823,2 GB,32 GB,,
418,"REDMI 10 (Caribbean Green, 64 GB)",REDMI,9999,4.3,"1,65,144","10,864",4 GB,64 GB,,
419,"realme 9i (Prism Blue, 128 GB)",realme,13599,4.5,"25,752","1,531",6 GB,128 GB,,
420,"realme 9i (Prism Black, 128 GB)",realme,12599,4.5,"1,16,293","6,868",4 GB,128 GB,,
421,"vivo T1 44W (Starry Sky, 128 GB)",vivo,14499,4.5,"74,897","5,493",4 GB,128 GB,,
422,"vivo T1 44W (Midnight Galaxy, 128 GB)",vivo,14499,4.5,"74,897","5,493",4 GB,128 GB,,
423,Nokia 105 SS,Nokia,1299,4.2,"24,816","1,801",32 MB,32 MB,,
424,Nokia 105 SS,Nokia,1299,4.2,"24,816","1,801",32 MB,32 MB,,
425,"MOTOROLA g42 (Metallic Rose, 64 GB)",MOTOROLA,10999,4.1,"3,075",385,4 GB,64 GB,,
426,"APPLE iPhone 13 (Pink, 128 GB)",APPLE,60999,4.7,"1,77,611","9,781",128 GB,Not Known,,
427,"MOTOROLA g72 (Polar Blue, 128 GB)",MOTOROLA,14999,4.1,"4,878",776,6 GB,128 GB,,
428,"POCO M4 Pro 5G (Yellow, 64 GB)",POCO,11999,4.3,"33,258","2,972",4 GB,64 GB,,
429,"MOTOROLA g82 5G (Meterorite Grey, 128 GB)",MOTOROLA,20499,4.1,"3,123",411,8 GB,128 GB,,
430,"vivo T1X (Space Blue, 128 GB)",vivo,14999,4.4,"3,415",211,6 GB,128 GB,,
431,"POCO M4 Pro (Power Black, 128 GB)",POCO,16499,4.3,"1,30,276","11,960",6 GB,128 GB,,
432,"Infinix Smart 6 Plus (Tranquil Sea Blue, 64 GB)",Infinix,7599,4.2,"9,919",738,3 GB,64 GB,,
433,"REDMI 10 (Caribbean Green, 64 GB)",REDMI,9999,4.3,"1,65,144","10,864",4 GB,64 GB,,
434,"vivo T1 44W (Midnight Galaxy, 128 GB)",vivo,15999,4.4,"43,289","3,353",6 GB,128 GB,,
435,"vivo T1 44W (Starry Sky, 128 GB)",vivo,15999,4.4,"43,289","3,353",6 GB,128 GB,,
436,"realme 10 Pro 5G (Dark Matter, 128 GB)",realme,18999,4.4,"3,410",339,6 GB,128 GB,,
437,"realme 10 Pro 5G (Nebula Blue, 128 GB)",realme,19999,4.4,"1,963",193,8 GB,128 GB,,
438,"Infinix Hot 12 (Polar Black, 64 GB)",Infinix,8899,4.2,"14,750","1,095",4 GB,64 GB,,
439,"SAMSUNG Galaxy F13 (Nightsky Green, 128 GB)",SAMSUNG,12999,4.4,"1,08,205","6,211",4 GB,128 GB,,
440,"realme 9 (Sunburst Gold, 128 GB)",realme,14599,4.4,"55,583","4,035",6 GB,128 GB,,
441,"realme 9 (Meteor Black, 128 GB)",realme,14599,4.4,"55,583","4,035",6 GB,128 GB,,
442,"realme 9 (Stargaze White, 128 GB)",realme,14599,4.4,"55,583","4,035",6 GB,128 GB,,
443,"MOTOROLA g82 5G (Meterorite Grey, 128 GB)",MOTOROLA,18999,4.2,"5,211",703,6 GB,128 GB,,
444,"POCO M4 Pro 5G (Power Black, 128 GB)",POCO,14999,4.2,"7,856",692,8 GB,128 GB,,
445,"APPLE iPhone 13 (Starlight, 128 GB)",APPLE,60999,4.7,"1,77,611","9,781",128 GB,Not Known,,
446,"vivo T1 5G (Silky White, 128 GB)",vivo,16990,4.4,"1,57,801","12,539",6 GB,128 GB,,
447,"vivo T1 5G (Starlight Black, 128 GB)",vivo,16990,4.4,"1,57,801","12,539",6 GB,128 GB,,
448,"POCO M4 Pro 5G (Cool Blue, 128 GB)",POCO,14999,4.2,"7,856",692,8 GB,128 GB,,
449,"REDMI 9i Sport (Metallic Blue, 64 GB)",REDMI,7199,4.3,"2,09,377","12,027",4 GB,64 GB,,
450,"SAMSUNG Galaxy F13 (Sunrise Copper, 128 GB)",SAMSUNG,12999,4.4,"1,08,205","6,211",4 GB,128 GB,,
451,"MOTOROLA g82 5G (White Lily, 128 GB)",MOTOROLA,20499,4.1,"3,123",411,8 GB,128 GB,,
452,"APPLE iPhone 12 mini (Black, 64 GB)",APPLE,37999,4.5,"1,23,326","9,923",64 GB,Not Known,,
453,"MOTOROLA g31 (Meteorite Grey, 64 GB)",MOTOROLA,9999,4.2,"31,884","3,711",4 GB,64 GB,,
454,"POCO M4 Pro (Power Black, 128 GB)",POCO,16499,4.3,"1,30,276","11,960",6 GB,128 GB,,
455,"MOTOROLA G62 5G (Midnight Gray, 128 GB)",MOTOROLA,16999,4.1,"1,949",229,8 GB,128 GB,,
456,"realme C30 (Denim Black, 32 GB)",realme,5999,4.3,"66,939","3,492",2 GB,32 GB,,
457,"realme C30 (Lake Blue, 32 GB)",realme,5999,4.3,"66,939","3,492",2 GB,32 GB,,
458,"SAMSUNG Galaxy F13 (Waterfall Blue, 128 GB)",SAMSUNG,12999,4.4,"1,08,205","6,211",4 GB,128 GB,,
459,"APPLE iPhone 14 (Midnight, 256 GB)",APPLE,83990,4.6,981,67,256 GB,Not Known,,
460,"POCO X4 Pro 5G (Laser Blue, 128 GB)",POCO,19999,4.2,"61,334","6,308",6 GB,128 GB,,
461,"MOTOROLA g72 (Meteorite Grey, 128 GB)",MOTOROLA,14999,4.1,"4,878",776,6 GB,128 GB,,
462,"MOTOROLA g31 (Baby Blue, 128 GB)",MOTOROLA,11999,4.1,"12,475","1,337",6 GB,128 GB,,
463,"APPLE iPhone 13 (Midnight, 128 GB)",APPLE,60999,4.7,"1,77,611","9,781",128 GB,Not Known,,
464,"SAMSUNG Galaxy S21 FE 5G (Olive, 128 GB)",SAMSUNG,35999,4.4,"29,082","3,001",8 GB,128 GB,,
465,"APPLE iPhone 12 mini (Black, 64 GB)",APPLE,37999,4.5,"1,23,326","9,923",64 GB,Not Known,,
466,"POCO M3 Pro 5G (Yellow, 128 GB)",POCO,15499,4.2,"52,420","4,434",6 GB,128 GB,,
467,"OPPO K10 (Black Carbon, 128 GB)",OPPO,13990,4.4,"95,135","7,013",6 GB,128 GB,,
468,"realme 9 (Stargaze White, 128 GB)",realme,15599,4.4,"20,705","1,568",8 GB,128 GB,,
469,"OPPO K10 (Blue Flame, 128 GB)",OPPO,13990,4.4,"95,135","7,013",6 GB,128 GB,,
470,"APPLE iPhone 14 (Starlight, 256 GB)",APPLE,83990,4.6,981,67,256 GB,Not Known,,
471,"REDMI 10 (Pacific Blue, 128 GB)",REDMI,11999,4.2,"21,630","1,610",6 GB,128 GB,,
472,"MOTOROLA g31 (Baby Blue, 64 GB)",MOTOROLA,9999,4.2,"31,884","3,711",4 GB,64 GB,,
473,"Infinix Note 12 5G (Force Black, 64 GB)",Infinix,12999,4.2,"10,906","1,285",6 GB,64 GB,,
474,"MOTOROLA Edge 30 (Aurora Green, 128 GB)",MOTOROLA,24999,4.1,"3,589",526,8 GB,128 GB,,
475,"Infinix Note 12 (Jewel Blue, 64 GB)",Infinix,9999,4.2,"22,608","2,286",4 GB,64 GB,,
476,"Infinix Note 12 (Force Black, 64 GB)",Infinix,9999,4.2,"22,608","2,286",4 GB,64 GB,,
477,"APPLE iPhone 11 (White, 64 GB)",APPLE,39999,4.6,"1,76,742","10,518",64 GB,Not Known,,
478,"realme C30 (Lake Blue, 32 GB)",realme,6999,4.1,"32,757","2,159",3 GB,32 GB,,
479,"realme C30 (Denim Black, 32 GB)",realme,6999,4.1,"32,757","2,159",3 GB,32 GB,,
480,"realme 9 5G (Supersonic Black, 64 GB)",realme,14999,4.5,"36,109","2,083",4 GB,64 GB,,
481,"OPPO F19 Pro+ 5G (Space Silver, 128 GB)",OPPO,19990,4.3,"24,287","2,518",8 GB,128 GB,,
482,"POCO M4 Pro (Power Black, 64 GB)",POCO,14999,4.3,"1,30,276","11,960",6 GB,64 GB,,
483,"Micromax IN 2C (Silver, 32 GB)",Micromax,5999,4.2,"2,047",262,3 GB,32 GB,,
484,"MOTOROLA Edge 30 (Meteor Grey, 128 GB)",MOTOROLA,24999,4.1,"3,589",526,8 GB,128 GB,,
485,"REDMI A1 (Black, 32 GB)",REDMI,6490,4.2,"1,893",141,2 GB,32 GB,,
486,"vivo T1 44W (Midnight Galaxy, 128 GB)",vivo,17999,4.3,"5,156",440,8 GB,128 GB,,
487,"MOTOROLA G51 5G (Bright Silver, 64 GB)",MOTOROLA,12999,4.1,"16,473","2,057",4 GB,64 GB,,
488,SAMSUNG Guru Music 2,SAMSUNG,2075,4.3,"1,96,562","18,346",NA ROM,Not Known,,
489,"realme C31 (Dark Green, 64 GB)",realme,8999,4.4,"56,801","2,730",4 GB,64 GB,,
490,"POCO M4 Pro (Yellow, 128 GB)",POCO,16499,4.3,"1,30,276","11,960",6 GB,128 GB,,
491,SAMSUNG Guru Music 2,SAMSUNG,2075,4.3,"1,96,562","18,346",NA ROM,Not Known,,
492,"APPLE iPhone 14 (Blue, 256 GB)",APPLE,83990,4.6,981,67,256 GB,Not Known,,
493,"REDMI 10 (Caribbean Green, 128 GB)",REDMI,11999,4.2,"21,630","1,610",6 GB,128 GB,,
494,"REDMI 10A (Charcoal Black, 64 GB)",REDMI,8690,4.2,"7,695",484,4 GB,64 GB,,
495,"Tecno Spark 8T (Atlantic Blue, 64 GB)",Tecno,10490,4.2,348,34,4 GB,64 GB,,
496,Micromax X412,Micromax,934,3.9,"14,193","1,243",32 MB,32 MB,,
497,"SAMSUNG Galaxy F13 (Sunrise Copper, 64 GB)",SAMSUNG,11999,4.4,"1,08,205","6,211",4 GB,64 GB,,
498,"REDMI 10A (Sea Blue, 64 GB)",REDMI,8746,4.2,"5,010",325,4 GB,64 GB,,
499,"POCO M4 Pro (Yellow, 128 GB)",POCO,17999,4.3,"12,383","1,095",8 GB,128 GB,,
500,"POCO M4 5G (Yellow, 128 GB)",POCO,13999,4.2,"22,699","1,884",6 GB,128 GB,,
